timestamp,session_id,image_id,image_source,ground_truth_label,predicted_label,confidence_score,capture_time_ms,api_latency_ms,total_latency_ms,client_api_latency_ms,client_total_latency_ms,inference_time_ms,api_status,error_message,user_action,detection_type,browser,os,network_type,capture_start,capture_end,backend_receive,api_request_start,api_response_end,notification_sent,device_model,user_agent
2025-11-13T02:18:05.613204Z,sess-1,img-1,,,,,,,,unknown,,,,,,,,,,,,,
2025-11-13T02:51:29.560Z,sess-azybw83thyf-mhwu1kt7,img-aadd8165c0b7fa3c,dataurl,,REAL,0.99,,3877.000093460083,3960.0000381469727,success,,facebook,Edge,Windows,unknown,1763002285.598,,,1763002285.681,1763002289.558,1763002289.558,,"Mozilla/5.0 (Windows NT 10.0; Win64; x64) AppleWebKit/537.36 (KHTML, like Gecko) Chrome/142.0.0.0 Safari/537.36 Edg/142.0.0.0"
2025-11-13T02:52:26.450Z,sess-azybw83thyf-mhwu1kt7,img-95f5a1ad41e45f32,dataurl,,REAL,0.99,,2772.9997634887695,2827.9998302459717,success,,facebook,Edge,Windows,unknown,1763002343.621,,,1763002343.676,1763002346.449,1763002346.449,,"Mozilla/5.0 (Windows NT 10.0; Win64; x64) AppleWebKit/537.36 (KHTML, like Gecko) Chrome/142.0.0.0 Safari/537.36 Edg/142.0.0.0"
2025-11-13T03:04:28.695Z,sess-azybw83thyf-mhwu1kt7,img-c687f4bcc4593b85,https://th.bing.com/th/id/OIP.M_uHkB6jQb94uyhueGHjuAHaE8?w=301&h=180&c=7&r=0&o=7&cb=ucfimgc2&dpr=1.3&pid=1.7&rm=3,,FAKE,0.83,,2611.999988555908,2688.999891281128,success,,classifyUrl,Edge,Windows,unknown,1763003066.005,,,1763003066.082,1763003068.694,1763003068.694,,"Mozilla/5.0 (Windows NT 10.0; Win64; x64) AppleWebKit/537.36 (KHTML, like Gecko) Chrome/142.0.0.0 Safari/537.36 Edg/142.0.0.0"
2025-11-13T03:26:09.636Z,sess-azybw83thyf-mhwu1kt7,img-c687f4bcc4593b85,https://th.bing.com/th/id/OIP.M_uHkB6jQb94uyhueGHjuAHaE8?w=301&h=180&c=7&r=0&o=7&cb=ucfimgc2&dpr=1.3&pid=1.7&rm=3,,FAKE,0.83,,1268.0001258850098,1285.0000858306885,success,,On-click detect,Edge,Windows,unknown,1763004368.349,,,1763004368.366,1763004369.634,1763004369.634,,"Mozilla/5.0 (Windows NT 10.0; Win64; x64) AppleWebKit/537.36 (KHTML, like Gecko) Chrome/142.0.0.0 Safari/537.36 Edg/142.0.0.0"
2025-11-13T03:26:59.894Z,sess-azybw83thyf-mhwu1kt7,img-30571adc645bf43a,dataurl,,REAL,0.63,,1889.9998664855957,1914.9999618530273,success,,On-click detect,Edge,Windows,unknown,1763004417.978,,,1763004418.002,1763004419.892,1763004419.893,,"Mozilla/5.0 (Windows NT 10.0; Win64; x64) AppleWebKit/537.36 (KHTML, like Gecko) Chrome/142.0.0.0 Safari/537.36 Edg/142.0.0.0"
2025-11-13T03:27:43.138Z,sess-azybw83thyf-mhwu1kt7,img-92eec71cf2defaa6,https://scontent.fcgy3-2.fna.fbcdn.net/v/t39.30808-6/581123034_851049707451927_2615595225526339869_n.jpg?stp=dst-jpg_s590x590_tt6&_nc_cat=110&ccb=1-7&_nc_sid=833d8c&_nc_eui2=AeHk_wvMOu2FTQFbM5JnaPdz0LKVdCZwXuXQspV0JnBe5YuA1rh7bpCMTotenf0aiH0Frse-HV7mG85xRoZ-aWld&_nc_ohc=C_FEghxK8BYQ7kNvwFgvSW6&_nc_oc=AdkJ1JH9_sH970vAmrgjCzujGCgZVokc03RWyehZAWjzxOE2MXLU3H5TlkVEnfUtGPU&_nc_zt=23&_nc_ht=scontent.fcgy3-2.fna&_nc_gid=5p_bKynhS-k7a3TEB_QNTQ&oh=00_AfiftOeyDUwh0cOvu3-D_l-BRStC0Pxf2yNfgPTwl9A3hA&oe=691B071B,,REAL,0.99,,1548.0000972747803,1588.9999866485596,success,,On-click detect,Edge,Windows,unknown,1763004461.548,,,1763004461.589,1763004463.137,1763004463.137,,"Mozilla/5.0 (Windows NT 10.0; Win64; x64) AppleWebKit/537.36 (KHTML, like Gecko) Chrome/142.0.0.0 Safari/537.36 Edg/142.0.0.0"
2025-11-13T03:27:44.503Z,sess-azybw83thyf-mhwu1kt7,img-92eec71cf2defaa6,https://scontent.fcgy3-2.fna.fbcdn.net/v/t39.30808-6/581123034_851049707451927_2615595225526339869_n.jpg?stp=dst-jpg_s590x590_tt6&_nc_cat=110&ccb=1-7&_nc_sid=833d8c&_nc_eui2=AeHk_wvMOu2FTQFbM5JnaPdz0LKVdCZwXuXQspV0JnBe5YuA1rh7bpCMTotenf0aiH0Frse-HV7mG85xRoZ-aWld&_nc_ohc=C_FEghxK8BYQ7kNvwFgvSW6&_nc_oc=AdkJ1JH9_sH970vAmrgjCzujGCgZVokc03RWyehZAWjzxOE2MXLU3H5TlkVEnfUtGPU&_nc_zt=23&_nc_ht=scontent.fcgy3-2.fna&_nc_gid=5p_bKynhS-k7a3TEB_QNTQ&oh=00_AfiftOeyDUwh0cOvu3-D_l-BRStC0Pxf2yNfgPTwl9A3hA&oe=691B071B,,REAL,0.99,,2912.0001792907715,2952.000141143799,success,,On-click detect,Edge,Windows,unknown,1763004461.55,,,1763004461.59,1763004464.502,1763004464.502,,"Mozilla/5.0 (Windows NT 10.0; Win64; x64) AppleWebKit/537.36 (KHTML, like Gecko) Chrome/142.0.0.0 Safari/537.36 Edg/142.0.0.0"
2025-11-13T03:28:19.340Z,sess-azybw83thyf-mhwu1kt7,img-e895aed16b24db74,https://scontent.fcgy3-2.fna.fbcdn.net/v/t39.30808-6/581123034_851049707451927_2615595225526339869_n.jpg?_nc_cat=110&ccb=1-7&_nc_sid=833d8c&_nc_eui2=AeHk_wvMOu2FTQFbM5JnaPdz0LKVdCZwXuXQspV0JnBe5YuA1rh7bpCMTotenf0aiH0Frse-HV7mG85xRoZ-aWld&_nc_ohc=C_FEghxK8BYQ7kNvwFgvSW6&_nc_oc=AdkJ1JH9_sH970vAmrgjCzujGCgZVokc03RWyehZAWjzxOE2MXLU3H5TlkVEnfUtGPU&_nc_zt=23&_nc_ht=scontent.fcgy3-2.fna&_nc_gid=DrvXIpePrf9czzT-ubQ-9w&oh=00_AfjqMDA_XJj5ZnEMKY-4AuBAPIoO8m8GzzXoKJMqpBWzcA&oe=691B071B,,REAL,0.98,,2036.0000133514404,2088.9999866485596,success,,On-click detect,Edge,Windows,unknown,1763004497.251,,,1763004497.304,1763004499.34,1763004499.34,,"Mozilla/5.0 (Windows NT 10.0; Win64; x64) AppleWebKit/537.36 (KHTML, like Gecko) Chrome/142.0.0.0 Safari/537.36 Edg/142.0.0.0"
2025-11-13T03:28:20.809Z,sess-azybw83thyf-mhwu1kt7,img-e895aed16b24db74,https://scontent.fcgy3-2.fna.fbcdn.net/v/t39.30808-6/581123034_851049707451927_2615595225526339869_n.jpg?_nc_cat=110&ccb=1-7&_nc_sid=833d8c&_nc_eui2=AeHk_wvMOu2FTQFbM5JnaPdz0LKVdCZwXuXQspV0JnBe5YuA1rh7bpCMTotenf0aiH0Frse-HV7mG85xRoZ-aWld&_nc_ohc=C_FEghxK8BYQ7kNvwFgvSW6&_nc_oc=AdkJ1JH9_sH970vAmrgjCzujGCgZVokc03RWyehZAWjzxOE2MXLU3H5TlkVEnfUtGPU&_nc_zt=23&_nc_ht=scontent.fcgy3-2.fna&_nc_gid=DrvXIpePrf9czzT-ubQ-9w&oh=00_AfjqMDA_XJj5ZnEMKY-4AuBAPIoO8m8GzzXoKJMqpBWzcA&oe=691B071B,,REAL,0.98,,3503.999948501587,3556.999921798706,success,,On-click detect,Edge,Windows,unknown,1763004497.252,,,1763004497.305,1763004500.809,1763004500.809,,"Mozilla/5.0 (Windows NT 10.0; Win64; x64) AppleWebKit/537.36 (KHTML, like Gecko) Chrome/142.0.0.0 Safari/537.36 Edg/142.0.0.0"
2025-11-13T03:28:55.228Z,sess-azybw83thyf-mhwu1kt7,img-95f5a1ad41e45f32,dataurl,,REAL,0.99,,2674.000024795532,2711.9998931884766,success,,On-click detect,Edge,Windows,unknown,1763004532.516,,,1763004532.553,1763004535.227,1763004535.228,,"Mozilla/5.0 (Windows NT 10.0; Win64; x64) AppleWebKit/537.36 (KHTML, like Gecko) Chrome/142.0.0.0 Safari/537.36 Edg/142.0.0.0"
2025-11-13T03:41:03.164Z,sess-azybw83thyf-mhwu1kt7,img-95f5a1ad41e45f32,dataurl,,REAL,0.99,,2676.0001182556152,2729.0000915527344,2676.0,2729.0,2676.0,success,,On-click detect,On-click detect,Edge,Windows,unknown,1763005260.434,,,1763005260.487,1763005263.163,1763005263.163,,"Mozilla/5.0 (Windows NT 10.0; Win64; x64) AppleWebKit/537.36 (KHTML, like Gecko) Chrome/142.0.0.0 Safari/537.36 Edg/142.0.0.0"
2025-11-13T03:41:36.649Z,sess-azybw83thyf-mhwu1kt7,img-07022606e746b2bc,dataurl,,REAL,0.98,,2167.0000553131104,2246.999979019165,2167.0,2247.0,2167.0,success,,On-click detect,On-click detect,Edge,Windows,unknown,1763005294.402,,,1763005294.481,1763005296.648,1763005296.649,,"Mozilla/5.0 (Windows NT 10.0; Win64; x64) AppleWebKit/537.36 (KHTML, like Gecko) Chrome/142.0.0.0 Safari/537.36 Edg/142.0.0.0"
2025-11-13T03:42:10.519Z,sess-azybw83thyf-mhwu1kt7,img-d4f6b3b2c93c8cf6,dataurl,,FAKE,0.99,,2427.999973297119,2533.9999198913574,2428.0,2534.0,2428.0,success,,On-click detect,On-click detect,Edge,Windows,unknown,1763005327.984,,,1763005328.09,1763005330.518,1763005330.518,,"Mozilla/5.0 (Windows NT 10.0; Win64; x64) AppleWebKit/537.36 (KHTML, like Gecko) Chrome/142.0.0.0 Safari/537.36 Edg/142.0.0.0"
2025-11-13T03:43:31.355Z,sess-azybw83thyf-mhwu1kt7,img-c687f4bcc4593b85,https://th.bing.com/th/id/OIP.M_uHkB6jQb94uyhueGHjuAHaE8?w=301&h=180&c=7&r=0&o=7&cb=ucfimgc2&dpr=1.3&pid=1.7&rm=3,,FAKE,0.83,,1963.9999866485596,1974.9999046325684,1964.0,1975.0,1964.0,success,,On-click detect,On-click detect,Edge,Windows,unknown,1763005409.374,,,1763005409.383,1763005411.347,1763005411.349,,"Mozilla/5.0 (Windows NT 10.0; Win64; x64) AppleWebKit/537.36 (KHTML, like Gecko) Chrome/142.0.0.0 Safari/537.36 Edg/142.0.0.0"
2025-11-13T03:44:06.072Z,sess-azybw83thyf-mhwu1kt7,img-58898fa15c56c90f,https://scontent.fcgy3-2.fna.fbcdn.net/v/t39.30808-6/582620502_1267358325430300_4912643153329524972_n.jpg?stp=dst-jpg_s590x590_tt6&_nc_cat=110&ccb=1-7&_nc_sid=127cfc&_nc_eui2=AeGp_CEYkvHycOKDU8zZgTCrNnW-JbDEeTM2db4lsMR5M_UE0AzO3waoIqKDbNC0RR5N-_134Uf9DurEWxNYayLC&_nc_ohc=5Wad-I8a8S0Q7kNvwFSebrA&_nc_oc=AdkHBDJrIa-Ss8ErQSpMeX77Ju-eJYa66Dzx92cF8vFk3vyib_UB7ECPxOpKYfQnFVs&_nc_zt=23&_nc_ht=scontent.fcgy3-2.fna&_nc_gid=cvwXbHvDK-QhUmjvgokxZw&oh=00_AfiW-C8ciirDtNG8E7UVl6pgVAcYw9qpyNws5BZsJEu4PQ&oe=691B1579,,REAL,0.99,,1746.999979019165,1791.0001277923584,1747.0,1791.0,1747.0,success,,On-click detect,On-click detect,Edge,Windows,unknown,1763005444.281,,,1763005444.325,1763005446.072,1763005446.072,,"Mozilla/5.0 (Windows NT 10.0; Win64; x64) AppleWebKit/537.36 (KHTML, like Gecko) Chrome/142.0.0.0 Safari/537.36 Edg/142.0.0.0"
2025-11-13T03:44:07.690Z,sess-azybw83thyf-mhwu1kt7,img-58898fa15c56c90f,https://scontent.fcgy3-2.fna.fbcdn.net/v/t39.30808-6/582620502_1267358325430300_4912643153329524972_n.jpg?stp=dst-jpg_s590x590_tt6&_nc_cat=110&ccb=1-7&_nc_sid=127cfc&_nc_eui2=AeGp_CEYkvHycOKDU8zZgTCrNnW-JbDEeTM2db4lsMR5M_UE0AzO3waoIqKDbNC0RR5N-_134Uf9DurEWxNYayLC&_nc_ohc=5Wad-I8a8S0Q7kNvwFSebrA&_nc_oc=AdkHBDJrIa-Ss8ErQSpMeX77Ju-eJYa66Dzx92cF8vFk3vyib_UB7ECPxOpKYfQnFVs&_nc_zt=23&_nc_ht=scontent.fcgy3-2.fna&_nc_gid=cvwXbHvDK-QhUmjvgokxZw&oh=00_AfiW-C8ciirDtNG8E7UVl6pgVAcYw9qpyNws5BZsJEu4PQ&oe=691B1579,,REAL,0.99,,3361.999988555908,3407.0000648498535,3362.0,3407.0,3362.0,success,,On-click detect,On-click detect,Edge,Windows,unknown,1763005444.283,,,1763005444.327,1763005447.689,1763005447.69,,"Mozilla/5.0 (Windows NT 10.0; Win64; x64) AppleWebKit/537.36 (KHTML, like Gecko) Chrome/142.0.0.0 Safari/537.36 Edg/142.0.0.0"
2025-11-13T03:44:15.469Z,sess-azybw83thyf-mhwu1kt7,img-bb75cd69ac1e4b02,https://scontent.fcgy3-1.fna.fbcdn.net/v/t39.30808-6/581943892_1267358802096919_8233611110029213339_n.jpg?_nc_cat=106&ccb=1-7&_nc_sid=127cfc&_nc_eui2=AeGJP3BBaEvdzxK18Enr1huj0-9dDz0MtL3T710PPQy0vU1ectiyyIS9O_EN8l5HA3fS3ZbMUfo2aHFGCRe_lppq&_nc_ohc=tjsKcUqkJQgQ7kNvwH71HX5&_nc_oc=AdlIZ5y2HmK9-xzfFJdxG4nSciSfUzfbjwQgRs_1XspGtp5MXx1DZhNKwNQrN3p4qB8&_nc_zt=23&_nc_ht=scontent.fcgy3-1.fna&_nc_gid=PxNWqdIs6r98-dGKgUI4LA&oh=00_Afj528cjmOBuwICtiouuRij6wAapX6wITxeJMEF5WbmrQg&oe=691B2BD3,,REAL,0.98,,2778.0001163482666,2898.0000019073486,2778.0,2898.0,2778.0,success,,On-click detect,On-click detect,Edge,Windows,unknown,1763005452.571,,,1763005452.691,1763005455.469,1763005455.469,,"Mozilla/5.0 (Windows NT 10.0; Win64; x64) AppleWebKit/537.36 (KHTML, like Gecko) Chrome/142.0.0.0 Safari/537.36 Edg/142.0.0.0"
2025-11-13T03:44:18.038Z,sess-azybw83thyf-mhwu1kt7,img-bb75cd69ac1e4b02,https://scontent.fcgy3-1.fna.fbcdn.net/v/t39.30808-6/581943892_1267358802096919_8233611110029213339_n.jpg?_nc_cat=106&ccb=1-7&_nc_sid=127cfc&_nc_eui2=AeGJP3BBaEvdzxK18Enr1huj0-9dDz0MtL3T710PPQy0vU1ectiyyIS9O_EN8l5HA3fS3ZbMUfo2aHFGCRe_lppq&_nc_ohc=tjsKcUqkJQgQ7kNvwH71HX5&_nc_oc=AdlIZ5y2HmK9-xzfFJdxG4nSciSfUzfbjwQgRs_1XspGtp5MXx1DZhNKwNQrN3p4qB8&_nc_zt=23&_nc_ht=scontent.fcgy3-1.fna&_nc_gid=PxNWqdIs6r98-dGKgUI4LA&oh=00_Afj528cjmOBuwICtiouuRij6wAapX6wITxeJMEF5WbmrQg&oe=691B2BD3,,REAL,0.98,,5345.0000286102295,5465.000152587891,5345.0,5465.0,5345.0,success,,On-click detect,On-click detect,Edge,Windows,unknown,1763005452.573,,,1763005452.693,1763005458.038,1763005458.038,,"Mozilla/5.0 (Windows NT 10.0; Win64; x64) AppleWebKit/537.36 (KHTML, like Gecko) Chrome/142.0.0.0 Safari/537.36 Edg/142.0.0.0"
2025-11-13T03:46:09.827Z,sess-azybw83thyf-mhwu1kt7,img-bb75cd69ac1e4b02,https://scontent.fcgy3-1.fna.fbcdn.net/v/t39.30808-6/581943892_1267358802096919_8233611110029213339_n.jpg?_nc_cat=106&ccb=1-7&_nc_sid=127cfc&_nc_eui2=AeGJP3BBaEvdzxK18Enr1huj0-9dDz0MtL3T710PPQy0vU1ectiyyIS9O_EN8l5HA3fS3ZbMUfo2aHFGCRe_lppq&_nc_ohc=tjsKcUqkJQgQ7kNvwH71HX5&_nc_oc=AdlIZ5y2HmK9-xzfFJdxG4nSciSfUzfbjwQgRs_1XspGtp5MXx1DZhNKwNQrN3p4qB8&_nc_zt=23&_nc_ht=scontent.fcgy3-1.fna&_nc_gid=PxNWqdIs6r98-dGKgUI4LA&oh=00_Afj528cjmOBuwICtiouuRij6wAapX6wITxeJMEF5WbmrQg&oe=691B2BD3,,REAL,0.98,,3535.0000858306885,3543.9999103546143,3535.0,3544.0,3535.0,success,,On-click detect,On-click detect,Edge,Windows,unknown,1763005566.282,,,1763005566.291,1763005569.826,1763005569.826,,"Mozilla/5.0 (Windows NT 10.0; Win64; x64) AppleWebKit/537.36 (KHTML, like Gecko) Chrome/142.0.0.0 Safari/537.36 Edg/142.0.0.0"
2025-11-13T03:46:19.548Z,sess-azybw83thyf-mhwu1kt7,img-bb75cd69ac1e4b02,https://scontent.fcgy3-1.fna.fbcdn.net/v/t39.30808-6/581943892_1267358802096919_8233611110029213339_n.jpg?_nc_cat=106&ccb=1-7&_nc_sid=127cfc&_nc_eui2=AeGJP3BBaEvdzxK18Enr1huj0-9dDz0MtL3T710PPQy0vU1ectiyyIS9O_EN8l5HA3fS3ZbMUfo2aHFGCRe_lppq&_nc_ohc=tjsKcUqkJQgQ7kNvwH71HX5&_nc_oc=AdlIZ5y2HmK9-xzfFJdxG4nSciSfUzfbjwQgRs_1XspGtp5MXx1DZhNKwNQrN3p4qB8&_nc_zt=23&_nc_ht=scontent.fcgy3-1.fna&_nc_gid=PxNWqdIs6r98-dGKgUI4LA&oh=00_Afj528cjmOBuwICtiouuRij6wAapX6wITxeJMEF5WbmrQg&oe=691B2BD3,,REAL,0.98,,13253.000020980835,13268.999814987183,13253.0,13269.0,13253.0,success,,On-click detect,On-click detect,Edge,Windows,unknown,1763005566.278,,,1763005566.293,1763005579.546,1763005579.547,,"Mozilla/5.0 (Windows NT 10.0; Win64; x64) AppleWebKit/537.36 (KHTML, like Gecko) Chrome/142.0.0.0 Safari/537.36 Edg/142.0.0.0"
2025-11-13T03:51:20.680Z,sess-azybw83thyf-mhwu1kt7,img-407f64483547b06a,https://th.bing.com/th/id/OIP.vUHuje3U17nEE5KXs92WCgHaE8?w=273&h=150&c=6&o=7&cb=ucfimgc2&dpr=1.3&pid=1.7&rm=3,,REAL,0.99,,1462.0001316070557,1587.0001316070557,1462.0,1587.0,1462.0,success,,On-click detect,On-click detect,Edge,Windows,unknown,1763005879.09,,,1763005879.214,1763005880.676,1763005880.677,,"Mozilla/5.0 (Windows NT 10.0; Win64; x64) AppleWebKit/537.36 (KHTML, like Gecko) Chrome/142.0.0.0 Safari/537.36 Edg/142.0.0.0"
2025-11-13T03:51:26.337Z,sess-azybw83thyf-mhwu1kt7,img-3297df1c486aa55b,https://images.newscientist.com/wp-content/uploads/2022/02/14174128/PRI_223554170.jpg,,,,,0.0,0.0,0.0,0.0,0.0,error,__tReq1 is not defined,Right-click detection,Right-click detection,Edge,Windows,unknown,1763005886.335,,,1763005886.335,1763005886.335,1763005886.335,,"Mozilla/5.0 (Windows NT 10.0; Win64; x64) AppleWebKit/537.36 (KHTML, like Gecko) Chrome/142.0.0.0 Safari/537.36 Edg/142.0.0.0"
2025-11-13T03:51:31.036Z,sess-azybw83thyf-mhwu1kt7,img-3297df1c486aa55b,https://images.newscientist.com/wp-content/uploads/2022/02/14174128/PRI_223554170.jpg,,,,,0.0,0.0,0.0,0.0,0.0,error,__tReq1 is not defined,Right-click detection,Right-click detection,Edge,Windows,unknown,1763005891.036,,,1763005891.036,1763005891.036,1763005891.036,,"Mozilla/5.0 (Windows NT 10.0; Win64; x64) AppleWebKit/537.36 (KHTML, like Gecko) Chrome/142.0.0.0 Safari/537.36 Edg/142.0.0.0"
2025-11-13T03:51:43.380Z,sess-azybw83thyf-mhwu1kt7,img-43c59c48009571e4,https://pics.craiyon.com/2023-06-02/8ee11b4651524e7a92165a66f18c868b.webp,,,,,0.0,0.0,0.0,0.0,0.0,error,__tReq1 is not defined,Right-click detection,Right-click detection,Edge,Windows,unknown,1763005903.38,,,1763005903.38,1763005903.38,1763005903.38,,"Mozilla/5.0 (Windows NT 10.0; Win64; x64) AppleWebKit/537.36 (KHTML, like Gecko) Chrome/142.0.0.0 Safari/537.36 Edg/142.0.0.0"
2025-11-13T03:51:50.424Z,sess-azybw83thyf-mhwu1kt7,img-def697ac42c6a3d2,https://th.bing.com/th/id/OIP.OFMlQdJWRGUjT2PNEWN00AHaEK?w=294&h=150&c=6&o=7&cb=ucfimgc2&dpr=1.3&pid=1.7&rm=3,,FAKE,0.99,,963.0000591278076,1058.000087738037,963.0,1058.0,963.0,success,,On-click detect,On-click detect,Edge,Windows,unknown,1763005909.366,,,1763005909.461,1763005910.424,1763005910.424,,"Mozilla/5.0 (Windows NT 10.0; Win64; x64) AppleWebKit/537.36 (KHTML, like Gecko) Chrome/142.0.0.0 Safari/537.36 Edg/142.0.0.0"
2025-11-13T03:51:55.085Z,sess-azybw83thyf-mhwu1kt7,img-407f64483547b06a,https://th.bing.com/th/id/OIP.vUHuje3U17nEE5KXs92WCgHaE8?w=273&h=150&c=6&o=7&cb=ucfimgc2&dpr=1.3&pid=1.7&rm=3,,REAL,0.99,,1105.0000190734863,1118.0000305175781,1105.0,1118.0,1105.0,success,,On-click detect,On-click detect,Edge,Windows,unknown,1763005913.967,,,1763005913.979,1763005915.084,1763005915.085,,"Mozilla/5.0 (Windows NT 10.0; Win64; x64) AppleWebKit/537.36 (KHTML, like Gecko) Chrome/142.0.0.0 Safari/537.36 Edg/142.0.0.0"
2025-11-13T03:56:04.104Z,sess-azybw83thyf-mhwu1kt7,img-8e9dfbe3cc20a8ea,https://scontent.fcgy3-1.fna.fbcdn.net/v/t39.30808-1/505386601_2885096321691232_5622015521951651368_n.jpg?stp=cp6_dst-jpg_s100x100_tt6&_nc_cat=111&ccb=1-7&_nc_sid=1d2534&_nc_eui2=AeHe9tHd5iUm3u1M0vy2i_kX60lPCEu5t07rSU8IS7m3ToqjkcH1sZEuzZ3yXLUXvB5RLLa7zU1zrx6dxlMRI9-a&_nc_ohc=UZmd2s1UIRAQ7kNvwGilgDy&_nc_oc=Adkj5_43jd47o3QqVe0MLSrLu9aTl3HtnqurdK5g_DwVfsUfhUefsWqmFkJe7SVxlc4&_nc_ad=z-m&_nc_cid=0&_nc_zt=24&_nc_ht=scontent.fcgy3-1.fna&_nc_gid=Hl_aHsZE1K425W7TtKu0Rw&oh=00_AfiPCynyl8ibAXcsoZuJnsJgbpiGGTKFsRsg20saX9guhA&oe=691B2C29,,REAL,0.98,,1045.0000762939453,1084.0001106262207,1045.0,1084.0,1045.0,success,,On-click detect,On-click detect,Edge,Windows,unknown,1763006163.02,,,1763006163.059,1763006164.104,1763006164.104,,"Mozilla/5.0 (Windows NT 10.0; Win64; x64) AppleWebKit/537.36 (KHTML, like Gecko) Chrome/142.0.0.0 Safari/537.36 Edg/142.0.0.0"
2025-11-13T03:56:05.202Z,sess-azybw83thyf-mhwu1kt7,img-8e9dfbe3cc20a8ea,https://scontent.fcgy3-1.fna.fbcdn.net/v/t39.30808-1/505386601_2885096321691232_5622015521951651368_n.jpg?stp=cp6_dst-jpg_s100x100_tt6&_nc_cat=111&ccb=1-7&_nc_sid=1d2534&_nc_eui2=AeHe9tHd5iUm3u1M0vy2i_kX60lPCEu5t07rSU8IS7m3ToqjkcH1sZEuzZ3yXLUXvB5RLLa7zU1zrx6dxlMRI9-a&_nc_ohc=UZmd2s1UIRAQ7kNvwGilgDy&_nc_oc=Adkj5_43jd47o3QqVe0MLSrLu9aTl3HtnqurdK5g_DwVfsUfhUefsWqmFkJe7SVxlc4&_nc_ad=z-m&_nc_cid=0&_nc_zt=24&_nc_ht=scontent.fcgy3-1.fna&_nc_gid=Hl_aHsZE1K425W7TtKu0Rw&oh=00_AfiPCynyl8ibAXcsoZuJnsJgbpiGGTKFsRsg20saX9guhA&oe=691B2C29,,REAL,0.98,,2141.0000324249268,2174.000024795532,2141.0,2174.0,2141.0,success,,On-click detect,On-click detect,Edge,Windows,unknown,1763006163.027,,,1763006163.06,1763006165.201,1763006165.201,,"Mozilla/5.0 (Windows NT 10.0; Win64; x64) AppleWebKit/537.36 (KHTML, like Gecko) Chrome/142.0.0.0 Safari/537.36 Edg/142.0.0.0"
2025-11-13T03:56:06.019Z,sess-azybw83thyf-mhwu1kt7,img-8e9dfbe3cc20a8ea,https://scontent.fcgy3-1.fna.fbcdn.net/v/t39.30808-1/505386601_2885096321691232_5622015521951651368_n.jpg?stp=cp6_dst-jpg_s100x100_tt6&_nc_cat=111&ccb=1-7&_nc_sid=1d2534&_nc_eui2=AeHe9tHd5iUm3u1M0vy2i_kX60lPCEu5t07rSU8IS7m3ToqjkcH1sZEuzZ3yXLUXvB5RLLa7zU1zrx6dxlMRI9-a&_nc_ohc=UZmd2s1UIRAQ7kNvwGilgDy&_nc_oc=Adkj5_43jd47o3QqVe0MLSrLu9aTl3HtnqurdK5g_DwVfsUfhUefsWqmFkJe7SVxlc4&_nc_ad=z-m&_nc_cid=0&_nc_zt=24&_nc_ht=scontent.fcgy3-1.fna&_nc_gid=Hl_aHsZE1K425W7TtKu0Rw&oh=00_AfiPCynyl8ibAXcsoZuJnsJgbpiGGTKFsRsg20saX9guhA&oe=691B2C29,,REAL,0.98,,1930.0000667572021,1934.000015258789,1930.0,1934.0,1930.0,success,,On-click detect,On-click detect,Edge,Windows,unknown,1763006164.085,,,1763006164.089,1763006166.019,1763006166.019,,"Mozilla/5.0 (Windows NT 10.0; Win64; x64) AppleWebKit/537.36 (KHTML, like Gecko) Chrome/142.0.0.0 Safari/537.36 Edg/142.0.0.0"
2025-11-13T03:56:06.917Z,sess-azybw83thyf-mhwu1kt7,img-8e9dfbe3cc20a8ea,https://scontent.fcgy3-1.fna.fbcdn.net/v/t39.30808-1/505386601_2885096321691232_5622015521951651368_n.jpg?stp=cp6_dst-jpg_s100x100_tt6&_nc_cat=111&ccb=1-7&_nc_sid=1d2534&_nc_eui2=AeHe9tHd5iUm3u1M0vy2i_kX60lPCEu5t07rSU8IS7m3ToqjkcH1sZEuzZ3yXLUXvB5RLLa7zU1zrx6dxlMRI9-a&_nc_ohc=UZmd2s1UIRAQ7kNvwGilgDy&_nc_oc=Adkj5_43jd47o3QqVe0MLSrLu9aTl3HtnqurdK5g_DwVfsUfhUefsWqmFkJe7SVxlc4&_nc_ad=z-m&_nc_cid=0&_nc_zt=24&_nc_ht=scontent.fcgy3-1.fna&_nc_gid=Hl_aHsZE1K425W7TtKu0Rw&oh=00_AfiPCynyl8ibAXcsoZuJnsJgbpiGGTKFsRsg20saX9guhA&oe=691B2C29,,REAL,0.98,,2825.999975204468,2832.0000171661377,2826.0,2832.0,2826.0,success,,On-click detect,On-click detect,Edge,Windows,unknown,1763006164.085,,,1763006164.091,1763006166.917,1763006166.917,,"Mozilla/5.0 (Windows NT 10.0; Win64; x64) AppleWebKit/537.36 (KHTML, like Gecko) Chrome/142.0.0.0 Safari/537.36 Edg/142.0.0.0"
2025-11-13T03:56:16.862Z,sess-azybw83thyf-mhwu1kt7,img-3cc8a6f80b68b464,dataurl,,REAL,0.98,,1618.99995803833,1640.0001049041748,1619.0,1640.0,1619.0,success,,On-click detect,On-click detect,Edge,Windows,unknown,1763006175.222,,,1763006175.243,1763006176.862,1763006176.862,,"Mozilla/5.0 (Windows NT 10.0; Win64; x64) AppleWebKit/537.36 (KHTML, like Gecko) Chrome/142.0.0.0 Safari/537.36 Edg/142.0.0.0"
2025-11-13T03:56:18.388Z,sess-azybw83thyf-mhwu1kt7,img-5ee72bdaebb1ec4a,dataurl,,REAL,0.98,,3079.9999237060547,3134.000062942505,3080.0,3134.0,3080.0,success,,On-click detect,On-click detect,Edge,Windows,unknown,1763006175.254,,,1763006175.308,1763006178.388,1763006178.388,,"Mozilla/5.0 (Windows NT 10.0; Win64; x64) AppleWebKit/537.36 (KHTML, like Gecko) Chrome/142.0.0.0 Safari/537.36 Edg/142.0.0.0"
2025-11-13T03:56:20.175Z,sess-azybw83thyf-mhwu1kt7,img-3cc8a6f80b68b464,dataurl,,REAL,0.98,,2786.0000133514404,2809.000015258789,2786.0,2809.0,2786.0,success,,On-click detect,On-click detect,Edge,Windows,unknown,1763006177.366,,,1763006177.388,1763006180.174,1763006180.175,,"Mozilla/5.0 (Windows NT 10.0; Win64; x64) AppleWebKit/537.36 (KHTML, like Gecko) Chrome/142.0.0.0 Safari/537.36 Edg/142.0.0.0"
2025-11-13T03:56:21.692Z,sess-azybw83thyf-mhwu1kt7,img-5ee72bdaebb1ec4a,dataurl,,REAL,0.98,,4248.999834060669,4299.000024795532,4249.0,4299.0,4249.0,success,,On-click detect,On-click detect,Edge,Windows,unknown,1763006177.393,,,1763006177.443,1763006181.692,1763006181.692,,"Mozilla/5.0 (Windows NT 10.0; Win64; x64) AppleWebKit/537.36 (KHTML, like Gecko) Chrome/142.0.0.0 Safari/537.36 Edg/142.0.0.0"
2025-11-13T03:58:56.738Z,sess-azybw83thyf-mhwu1kt7,img-bb75cd69ac1e4b02,https://scontent.fcgy3-1.fna.fbcdn.net/v/t39.30808-6/581943892_1267358802096919_8233611110029213339_n.jpg?_nc_cat=106&ccb=1-7&_nc_sid=127cfc&_nc_eui2=AeGJP3BBaEvdzxK18Enr1huj0-9dDz0MtL3T710PPQy0vU1ectiyyIS9O_EN8l5HA3fS3ZbMUfo2aHFGCRe_lppq&_nc_ohc=tjsKcUqkJQgQ7kNvwH71HX5&_nc_oc=AdlIZ5y2HmK9-xzfFJdxG4nSciSfUzfbjwQgRs_1XspGtp5MXx1DZhNKwNQrN3p4qB8&_nc_zt=23&_nc_ht=scontent.fcgy3-1.fna&_nc_gid=PxNWqdIs6r98-dGKgUI4LA&oh=00_Afj528cjmOBuwICtiouuRij6wAapX6wITxeJMEF5WbmrQg&oe=691B2BD3,,REAL,0.98,,4225.0001430511475,4236.999988555908,4225.0,4237.0,4225.0,success,,On-click detect,On-click detect,Edge,Windows,unknown,1763006332.499,,,1763006332.511,1763006336.736,1763006336.736,,"Mozilla/5.0 (Windows NT 10.0; Win64; x64) AppleWebKit/537.36 (KHTML, like Gecko) Chrome/142.0.0.0 Safari/537.36 Edg/142.0.0.0"
2025-11-13T03:58:59.295Z,sess-azybw83thyf-mhwu1kt7,img-bb75cd69ac1e4b02,https://scontent.fcgy3-1.fna.fbcdn.net/v/t39.30808-6/581943892_1267358802096919_8233611110029213339_n.jpg?_nc_cat=106&ccb=1-7&_nc_sid=127cfc&_nc_eui2=AeGJP3BBaEvdzxK18Enr1huj0-9dDz0MtL3T710PPQy0vU1ectiyyIS9O_EN8l5HA3fS3ZbMUfo2aHFGCRe_lppq&_nc_ohc=tjsKcUqkJQgQ7kNvwH71HX5&_nc_oc=AdlIZ5y2HmK9-xzfFJdxG4nSciSfUzfbjwQgRs_1XspGtp5MXx1DZhNKwNQrN3p4qB8&_nc_zt=23&_nc_ht=scontent.fcgy3-1.fna&_nc_gid=PxNWqdIs6r98-dGKgUI4LA&oh=00_Afj528cjmOBuwICtiouuRij6wAapX6wITxeJMEF5WbmrQg&oe=691B2BD3,,REAL,0.98,,6781.999826431274,6791.999816894531,6782.0,6792.0,6782.0,success,,On-click detect,On-click detect,Edge,Windows,unknown,1763006332.502,,,1763006332.512,1763006339.294,1763006339.294,,"Mozilla/5.0 (Windows NT 10.0; Win64; x64) AppleWebKit/537.36 (KHTML, like Gecko) Chrome/142.0.0.0 Safari/537.36 Edg/142.0.0.0"
2025-11-13T04:09:45.356Z,sess-azybw83thyf-mhwu1kt7,img-7c683acff31428d8,https://scontent.fcgy3-2.fna.fbcdn.net/v/t39.30808-6/581831487_1156549463297424_1715188655187917354_n.jpg?stp=dst-jpg_s590x590_tt6&_nc_cat=102&ccb=1-7&_nc_sid=833d8c&_nc_eui2=AeG4kVVRxTy25rsTTQ-LkdpgcH6UfVK94fdwfpR9Ur3h92OZ-QAx4SRDEyWowwJNiRuFWJcPvdxqI37mHenBz2Dq&_nc_ohc=V7stAs2yZmsQ7kNvwG37y20&_nc_oc=Adl93BjxvBv0fAtpG9EWv9_qPdrxwN9692rRGCqn7y_UIG_2ctwDr2nDcg0k5iDIsyE&_nc_zt=23&_nc_ht=scontent.fcgy3-2.fna&_nc_gid=QFvuOYkzWZAq5T6mLeP93Q&oh=00_AfgFWeKkKdCfBOwXce4sK8Bfc0rDaeN0ANdJd2wLmhjHzg&oe=691B417F,,REAL,0.97,,1403.0001163482666,1431.999921798706,1403.0,1432.0,1403.0,success,,On-click detect,On-click detect,Edge,Windows,unknown,1763006983.924,,,1763006983.952,1763006985.355,1763006985.356,,"Mozilla/5.0 (Windows NT 10.0; Win64; x64) AppleWebKit/537.36 (KHTML, like Gecko) Chrome/142.0.0.0 Safari/537.36 Edg/142.0.0.0"
2025-11-13T04:09:46.767Z,sess-azybw83thyf-mhwu1kt7,img-7c683acff31428d8,https://scontent.fcgy3-2.fna.fbcdn.net/v/t39.30808-6/581831487_1156549463297424_1715188655187917354_n.jpg?stp=dst-jpg_s590x590_tt6&_nc_cat=102&ccb=1-7&_nc_sid=833d8c&_nc_eui2=AeG4kVVRxTy25rsTTQ-LkdpgcH6UfVK94fdwfpR9Ur3h92OZ-QAx4SRDEyWowwJNiRuFWJcPvdxqI37mHenBz2Dq&_nc_ohc=V7stAs2yZmsQ7kNvwG37y20&_nc_oc=Adl93BjxvBv0fAtpG9EWv9_qPdrxwN9692rRGCqn7y_UIG_2ctwDr2nDcg0k5iDIsyE&_nc_zt=23&_nc_ht=scontent.fcgy3-2.fna&_nc_gid=QFvuOYkzWZAq5T6mLeP93Q&oh=00_AfgFWeKkKdCfBOwXce4sK8Bfc0rDaeN0ANdJd2wLmhjHzg&oe=691B417F,,REAL,0.97,,2816.999912261963,2845.0000286102295,2817.0,2845.0,2817.0,success,,On-click detect,On-click detect,Edge,Windows,unknown,1763006983.922,,,1763006983.95,1763006986.767,1763006986.767,,"Mozilla/5.0 (Windows NT 10.0; Win64; x64) AppleWebKit/537.36 (KHTML, like Gecko) Chrome/142.0.0.0 Safari/537.36 Edg/142.0.0.0"
2025-11-13T04:09:57.638Z,sess-azybw83thyf-mhwu1kt7,img-9f978a0729d959bc,https://scontent.fcgy3-2.fna.fbcdn.net/v/t39.30808-6/580853883_1322385719925304_2052192598436756538_n.jpg?stp=dst-jpg_s720x720_tt6&_nc_cat=1&ccb=1-7&_nc_sid=127cfc&_nc_eui2=AeEZTnkPQntzW6DgxUqypMHC4PqoYbwgbHDg-qhhvCBscG1ly_0A3r3pXQ0258dfGmjU9nWB_DanToD5gZSL5nwv&_nc_ohc=CyI1zaHrOhAQ7kNvwG1TXgd&_nc_oc=AdkYcO8dxNkp5KjMPpp47tjbe8-qgTZJCcZiBfuFa7jaj-1mYSFM7ts0Kr4teE5EJFg&_nc_zt=23&_nc_ht=scontent.fcgy3-2.fna&_nc_gid=US9pTIcyc76zMLERVPIJpg&oh=00_AfgtxrDrqXKpFiQ4F1V-6smtLSzwfZmsHAZ02mH3dTgIKw&oe=691B3262,,REAL,0.77,,1876.000165939331,1901.9999504089355,1876.0,1902.0,1876.0,success,,On-click detect,On-click detect,Edge,Windows,unknown,1763006995.736,,,1763006995.761,1763006997.637,1763006997.638,,"Mozilla/5.0 (Windows NT 10.0; Win64; x64) AppleWebKit/537.36 (KHTML, like Gecko) Chrome/142.0.0.0 Safari/537.36 Edg/142.0.0.0"
2025-11-13T04:09:59.298Z,sess-azybw83thyf-mhwu1kt7,img-9f978a0729d959bc,https://scontent.fcgy3-2.fna.fbcdn.net/v/t39.30808-6/580853883_1322385719925304_2052192598436756538_n.jpg?stp=dst-jpg_s720x720_tt6&_nc_cat=1&ccb=1-7&_nc_sid=127cfc&_nc_eui2=AeEZTnkPQntzW6DgxUqypMHC4PqoYbwgbHDg-qhhvCBscG1ly_0A3r3pXQ0258dfGmjU9nWB_DanToD5gZSL5nwv&_nc_ohc=CyI1zaHrOhAQ7kNvwG1TXgd&_nc_oc=AdkYcO8dxNkp5KjMPpp47tjbe8-qgTZJCcZiBfuFa7jaj-1mYSFM7ts0Kr4teE5EJFg&_nc_zt=23&_nc_ht=scontent.fcgy3-2.fna&_nc_gid=US9pTIcyc76zMLERVPIJpg&oh=00_AfgtxrDrqXKpFiQ4F1V-6smtLSzwfZmsHAZ02mH3dTgIKw&oe=691B3262,,REAL,0.77,,3533.9999198913574,3560.00018119812,3534.0,3560.0,3534.0,success,,On-click detect,On-click detect,Edge,Windows,unknown,1763006995.738,,,1763006995.763,1763006999.297,1763006999.298,,"Mozilla/5.0 (Windows NT 10.0; Win64; x64) AppleWebKit/537.36 (KHTML, like Gecko) Chrome/142.0.0.0 Safari/537.36 Edg/142.0.0.0"
2025-11-13T04:10:18.583Z,sess-azybw83thyf-mhwu1kt7,img-16f4feb7008a3449,https://scontent.fcgy3-2.fna.fbcdn.net/v/t39.30808-6/580853883_1322385719925304_2052192598436756538_n.jpg?_nc_cat=1&ccb=1-7&_nc_sid=127cfc&_nc_eui2=AeEZTnkPQntzW6DgxUqypMHC4PqoYbwgbHDg-qhhvCBscG1ly_0A3r3pXQ0258dfGmjU9nWB_DanToD5gZSL5nwv&_nc_ohc=CyI1zaHrOhAQ7kNvwG1TXgd&_nc_oc=AdkYcO8dxNkp5KjMPpp47tjbe8-qgTZJCcZiBfuFa7jaj-1mYSFM7ts0Kr4teE5EJFg&_nc_zt=23&_nc_ht=scontent.fcgy3-2.fna&_nc_gid=1jlWvZi-3knv-BS4yFGhOA&oh=00_AfiZGM6kO5k8NxRdaSW0esOg_LMgPTPdrEe9dmNgCM2WRA&oe=691B3262,,FAKE,0.95,,2184.999942779541,2236.0000610351562,2185.0,2236.0,2185.0,success,,On-click detect,On-click detect,Edge,Windows,unknown,1763007016.347,,,1763007016.398,1763007018.583,1763007018.583,,"Mozilla/5.0 (Windows NT 10.0; Win64; x64) AppleWebKit/537.36 (KHTML, like Gecko) Chrome/142.0.0.0 Safari/537.36 Edg/142.0.0.0"
2025-11-13T04:10:20.699Z,sess-azybw83thyf-mhwu1kt7,img-16f4feb7008a3449,https://scontent.fcgy3-2.fna.fbcdn.net/v/t39.30808-6/580853883_1322385719925304_2052192598436756538_n.jpg?_nc_cat=1&ccb=1-7&_nc_sid=127cfc&_nc_eui2=AeEZTnkPQntzW6DgxUqypMHC4PqoYbwgbHDg-qhhvCBscG1ly_0A3r3pXQ0258dfGmjU9nWB_DanToD5gZSL5nwv&_nc_ohc=CyI1zaHrOhAQ7kNvwG1TXgd&_nc_oc=AdkYcO8dxNkp5KjMPpp47tjbe8-qgTZJCcZiBfuFa7jaj-1mYSFM7ts0Kr4teE5EJFg&_nc_zt=23&_nc_ht=scontent.fcgy3-2.fna&_nc_gid=1jlWvZi-3knv-BS4yFGhOA&oh=00_AfiZGM6kO5k8NxRdaSW0esOg_LMgPTPdrEe9dmNgCM2WRA&oe=691B3262,,FAKE,0.95,,4299.000024795532,4350.99983215332,4299.0,4351.0,4299.0,success,,On-click detect,On-click detect,Edge,Windows,unknown,1763007016.348,,,1763007016.399,1763007020.698,1763007020.699,,"Mozilla/5.0 (Windows NT 10.0; Win64; x64) AppleWebKit/537.36 (KHTML, like Gecko) Chrome/142.0.0.0 Safari/537.36 Edg/142.0.0.0"
2025-11-13T04:10:30.034Z,sess-azybw83thyf-mhwu1kt7,img-16f4feb7008a3449,https://scontent.fcgy3-2.fna.fbcdn.net/v/t39.30808-6/580853883_1322385719925304_2052192598436756538_n.jpg?_nc_cat=1&ccb=1-7&_nc_sid=127cfc&_nc_eui2=AeEZTnkPQntzW6DgxUqypMHC4PqoYbwgbHDg-qhhvCBscG1ly_0A3r3pXQ0258dfGmjU9nWB_DanToD5gZSL5nwv&_nc_ohc=CyI1zaHrOhAQ7kNvwG1TXgd&_nc_oc=AdkYcO8dxNkp5KjMPpp47tjbe8-qgTZJCcZiBfuFa7jaj-1mYSFM7ts0Kr4teE5EJFg&_nc_zt=23&_nc_ht=scontent.fcgy3-2.fna&_nc_gid=1jlWvZi-3knv-BS4yFGhOA&oh=00_AfiZGM6kO5k8NxRdaSW0esOg_LMgPTPdrEe9dmNgCM2WRA&oe=691B3262,,,,,0.0,0.0,0.0,0.0,0.0,error,__tReq1 is not defined,Right-click detection,Right-click detection,Edge,Windows,unknown,1763007030.033,,,1763007030.033,1763007030.033,1763007030.033,,"Mozilla/5.0 (Windows NT 10.0; Win64; x64) AppleWebKit/537.36 (KHTML, like Gecko) Chrome/142.0.0.0 Safari/537.36 Edg/142.0.0.0"
2025-11-13T04:10:40.035Z,sess-azybw83thyf-mhwu1kt7,img-16f4feb7008a3449,https://scontent.fcgy3-2.fna.fbcdn.net/v/t39.30808-6/580853883_1322385719925304_2052192598436756538_n.jpg?_nc_cat=1&ccb=1-7&_nc_sid=127cfc&_nc_eui2=AeEZTnkPQntzW6DgxUqypMHC4PqoYbwgbHDg-qhhvCBscG1ly_0A3r3pXQ0258dfGmjU9nWB_DanToD5gZSL5nwv&_nc_ohc=CyI1zaHrOhAQ7kNvwG1TXgd&_nc_oc=AdkYcO8dxNkp5KjMPpp47tjbe8-qgTZJCcZiBfuFa7jaj-1mYSFM7ts0Kr4teE5EJFg&_nc_zt=23&_nc_ht=scontent.fcgy3-2.fna&_nc_gid=1jlWvZi-3knv-BS4yFGhOA&oh=00_AfiZGM6kO5k8NxRdaSW0esOg_LMgPTPdrEe9dmNgCM2WRA&oe=691B3262,,,,,0.0,0.0,0.0,0.0,0.0,error,__tReq1 is not defined,Right-click detection,Right-click detection,Edge,Windows,unknown,1763007040.035,,,1763007040.035,1763007040.035,1763007040.035,,"Mozilla/5.0 (Windows NT 10.0; Win64; x64) AppleWebKit/537.36 (KHTML, like Gecko) Chrome/142.0.0.0 Safari/537.36 Edg/142.0.0.0"
2025-11-13T04:10:43.276Z,sess-azybw83thyf-mhwu1kt7,img-16f4feb7008a3449,https://scontent.fcgy3-2.fna.fbcdn.net/v/t39.30808-6/580853883_1322385719925304_2052192598436756538_n.jpg?_nc_cat=1&ccb=1-7&_nc_sid=127cfc&_nc_eui2=AeEZTnkPQntzW6DgxUqypMHC4PqoYbwgbHDg-qhhvCBscG1ly_0A3r3pXQ0258dfGmjU9nWB_DanToD5gZSL5nwv&_nc_ohc=CyI1zaHrOhAQ7kNvwG1TXgd&_nc_oc=AdkYcO8dxNkp5KjMPpp47tjbe8-qgTZJCcZiBfuFa7jaj-1mYSFM7ts0Kr4teE5EJFg&_nc_zt=23&_nc_ht=scontent.fcgy3-2.fna&_nc_gid=1jlWvZi-3knv-BS4yFGhOA&oh=00_AfiZGM6kO5k8NxRdaSW0esOg_LMgPTPdrEe9dmNgCM2WRA&oe=691B3262,,FAKE,0.95,,2174.000024795532,2177.999973297119,2174.0,2178.0,2174.0,success,,On-click detect,On-click detect,Edge,Windows,unknown,1763007041.098,,,1763007041.102,1763007043.276,1763007043.276,,"Mozilla/5.0 (Windows NT 10.0; Win64; x64) AppleWebKit/537.36 (KHTML, like Gecko) Chrome/142.0.0.0 Safari/537.36 Edg/142.0.0.0"
2025-11-13T04:10:45.429Z,sess-azybw83thyf-mhwu1kt7,img-16f4feb7008a3449,https://scontent.fcgy3-2.fna.fbcdn.net/v/t39.30808-6/580853883_1322385719925304_2052192598436756538_n.jpg?_nc_cat=1&ccb=1-7&_nc_sid=127cfc&_nc_eui2=AeEZTnkPQntzW6DgxUqypMHC4PqoYbwgbHDg-qhhvCBscG1ly_0A3r3pXQ0258dfGmjU9nWB_DanToD5gZSL5nwv&_nc_ohc=CyI1zaHrOhAQ7kNvwG1TXgd&_nc_oc=AdkYcO8dxNkp5KjMPpp47tjbe8-qgTZJCcZiBfuFa7jaj-1mYSFM7ts0Kr4teE5EJFg&_nc_zt=23&_nc_ht=scontent.fcgy3-2.fna&_nc_gid=1jlWvZi-3knv-BS4yFGhOA&oh=00_AfiZGM6kO5k8NxRdaSW0esOg_LMgPTPdrEe9dmNgCM2WRA&oe=691B3262,,FAKE,0.95,,4325.999975204468,4329.999923706055,4326.0,4330.0,4326.0,success,,On-click detect,On-click detect,Edge,Windows,unknown,1763007041.099,,,1763007041.103,1763007045.429,1763007045.429,,"Mozilla/5.0 (Windows NT 10.0; Win64; x64) AppleWebKit/537.36 (KHTML, like Gecko) Chrome/142.0.0.0 Safari/537.36 Edg/142.0.0.0"
2025-11-13T04:10:57.078Z,sess-azybw83thyf-mhwu1kt7,img-2f63a91888991c1f,https://scontent.fcgy3-1.fna.fbcdn.net/v/t39.30808-6/577746042_849301228040155_2087795648573532216_n.jpg?stp=dst-jpg_s590x590_tt6&_nc_cat=104&ccb=1-7&_nc_sid=833d8c&_nc_eui2=AeHshH8dCky9T6-wbzNnLsHY40WlqH8h_TLjRaWofyH9MjUqT1ZQBK-RZrTy_f4i7Hmxzw6EzTxPoMyBxNLnnTU9&_nc_ohc=jm5WgfjMhmAQ7kNvwHazaSh&_nc_oc=AdmS82DGhn7ohpyurtnc16Z0MjO7BzcBOdnABkoDm3OxFxoXP3-JVA1t9WXirBMB_J0&_nc_zt=23&_nc_ht=scontent.fcgy3-1.fna&_nc_gid=Yi0ks8g6TA21I5sc7aA83g&oh=00_AfiBa1lQqic2HQo5aTWKCYPRFrPWYmqzSIRvtcf6r-QVYw&oe=691B1B67,,REAL,0.98,,1412.9998683929443,1446.9997882843018,1413.0,1447.0,1413.0,success,,On-click detect,On-click detect,Edge,Windows,unknown,1763007055.63,,,1763007055.664,1763007057.077,1763007057.077,,"Mozilla/5.0 (Windows NT 10.0; Win64; x64) AppleWebKit/537.36 (KHTML, like Gecko) Chrome/142.0.0.0 Safari/537.36 Edg/142.0.0.0"
2025-11-13T04:10:58.379Z,sess-azybw83thyf-mhwu1kt7,img-2f63a91888991c1f,https://scontent.fcgy3-1.fna.fbcdn.net/v/t39.30808-6/577746042_849301228040155_2087795648573532216_n.jpg?stp=dst-jpg_s590x590_tt6&_nc_cat=104&ccb=1-7&_nc_sid=833d8c&_nc_eui2=AeHshH8dCky9T6-wbzNnLsHY40WlqH8h_TLjRaWofyH9MjUqT1ZQBK-RZrTy_f4i7Hmxzw6EzTxPoMyBxNLnnTU9&_nc_ohc=jm5WgfjMhmAQ7kNvwHazaSh&_nc_oc=AdmS82DGhn7ohpyurtnc16Z0MjO7BzcBOdnABkoDm3OxFxoXP3-JVA1t9WXirBMB_J0&_nc_zt=23&_nc_ht=scontent.fcgy3-1.fna&_nc_gid=Yi0ks8g6TA21I5sc7aA83g&oh=00_AfiBa1lQqic2HQo5aTWKCYPRFrPWYmqzSIRvtcf6r-QVYw&oe=691B1B67,,REAL,0.98,,2710.9999656677246,2745.000123977661,2711.0,2745.0,2711.0,success,,On-click detect,On-click detect,Edge,Windows,unknown,1763007055.633,,,1763007055.667,1763007058.378,1763007058.378,,"Mozilla/5.0 (Windows NT 10.0; Win64; x64) AppleWebKit/537.36 (KHTML, like Gecko) Chrome/142.0.0.0 Safari/537.36 Edg/142.0.0.0"
2025-11-13T04:11:08.384Z,sess-azybw83thyf-mhwu1kt7,img-97e63e10f106bcf8,https://scontent.fcgy3-1.fna.fbcdn.net/v/t39.30808-6/580734091_1226328679312856_5071250491670397440_n.jpg?stp=cp6_dst-jpg_s590x590_tt6&_nc_cat=104&ccb=1-7&_nc_sid=833d8c&_nc_eui2=AeHI61Fs80eF1ko7uAv27EoRc4KGhAjyLMRzgoaECPIsxLhALiTV8HKCxxh4MS35-KlezEy_sdf3XM3GVB--nbHf&_nc_ohc=RPQFU61z42oQ7kNvwGqWAet&_nc_oc=AdmrPn_-efCCKxPH_7tCyGsKt-X87C4KtcoBG69KyRNzJdryUSDrKMAG9EDkwTBzpxI&_nc_zt=23&_nc_ht=scontent.fcgy3-1.fna&_nc_gid=dk0IOa7UAUntM0frDRut5g&oh=00_AfjtfDW3mjgyfxV-rD6HbH5Ybv3L0-m817Y-zcwakhlCUQ&oe=691B1EB6,,REAL,0.99,,1038.0001068115234,1062.000036239624,1038.0,1062.0,1038.0,success,,On-click detect,On-click detect,Edge,Windows,unknown,1763007067.322,,,1763007067.346,1763007068.384,1763007068.384,,"Mozilla/5.0 (Windows NT 10.0; Win64; x64) AppleWebKit/537.36 (KHTML, like Gecko) Chrome/142.0.0.0 Safari/537.36 Edg/142.0.0.0"
2025-11-13T04:11:09.795Z,sess-azybw83thyf-mhwu1kt7,img-97e63e10f106bcf8,https://scontent.fcgy3-1.fna.fbcdn.net/v/t39.30808-6/580734091_1226328679312856_5071250491670397440_n.jpg?stp=cp6_dst-jpg_s590x590_tt6&_nc_cat=104&ccb=1-7&_nc_sid=833d8c&_nc_eui2=AeHI61Fs80eF1ko7uAv27EoRc4KGhAjyLMRzgoaECPIsxLhALiTV8HKCxxh4MS35-KlezEy_sdf3XM3GVB--nbHf&_nc_ohc=RPQFU61z42oQ7kNvwGqWAet&_nc_oc=AdmrPn_-efCCKxPH_7tCyGsKt-X87C4KtcoBG69KyRNzJdryUSDrKMAG9EDkwTBzpxI&_nc_zt=23&_nc_ht=scontent.fcgy3-1.fna&_nc_gid=dk0IOa7UAUntM0frDRut5g&oh=00_AfjtfDW3mjgyfxV-rD6HbH5Ybv3L0-m817Y-zcwakhlCUQ&oe=691B1EB6,,REAL,0.99,,2448.000192642212,2471.0001945495605,2448.0,2471.0,2448.0,success,,On-click detect,On-click detect,Edge,Windows,unknown,1763007067.324,,,1763007067.347,1763007069.795,1763007069.795,,"Mozilla/5.0 (Windows NT 10.0; Win64; x64) AppleWebKit/537.36 (KHTML, like Gecko) Chrome/142.0.0.0 Safari/537.36 Edg/142.0.0.0"
2025-11-13T04:11:18.945Z,sess-azybw83thyf-mhwu1kt7,img-5502b05ed7f9bc0d,https://th.bing.com/th/id/OIP.R3fWIvFXyOVQtTzggr8tDgHaE8?w=281&h=187&c=7&r=0&o=7&cb=ucfimgc2&dpr=1.3&pid=1.7&rm=3,,FAKE,0.99,,961.9998931884766,1118.99995803833,962.0,1119.0,962.0,success,,On-click detect,On-click detect,Edge,Windows,unknown,1763007077.825,,,1763007077.982,1763007078.944,1763007078.944,,"Mozilla/5.0 (Windows NT 10.0; Win64; x64) AppleWebKit/537.36 (KHTML, like Gecko) Chrome/142.0.0.0 Safari/537.36 Edg/142.0.0.0"
2025-11-13T04:11:22.851Z,sess-azybw83thyf-mhwu1kt7,img-178d40bd19c5c0d8,https://th.bing.com/th/id/OIF.Flgt1zt8RPXUCb7VkpfePg?w=336&h=183&c=7&r=0&o=7&cb=ucfimgc2&dpr=1.3&pid=1.7&rm=3,,REAL,0.99,,1151.0000228881836,1348.0000495910645,1151.0,1348.0,1151.0,success,,On-click detect,On-click detect,Edge,Windows,unknown,1763007081.503,,,1763007081.699,1763007082.85,1763007082.851,,"Mozilla/5.0 (Windows NT 10.0; Win64; x64) AppleWebKit/537.36 (KHTML, like Gecko) Chrome/142.0.0.0 Safari/537.36 Edg/142.0.0.0"
2025-11-13T04:11:28.177Z,sess-azybw83thyf-mhwu1kt7,img-b8a478fb18bea055,https://th.bing.com/th/id/OIP.eXROV8RZYogXVHXwvqCacQHaHa?w=161&h=183&c=7&r=0&o=7&cb=ucfimgc2&dpr=1.3&pid=1.7&rm=3,,FAKE,0.99,,1307.0001602172852,1429.0001392364502,1307.0,1429.0,1307.0,success,,On-click detect,On-click detect,Edge,Windows,unknown,1763007086.748,,,1763007086.87,1763007088.177,1763007088.177,,"Mozilla/5.0 (Windows NT 10.0; Win64; x64) AppleWebKit/537.36 (KHTML, like Gecko) Chrome/142.0.0.0 Safari/537.36 Edg/142.0.0.0"
2025-11-13T04:11:36.499Z,sess-azybw83thyf-mhwu1kt7,img-577d49755e229e30,https://th.bing.com/th/id/OIP.myjAONcnsSv5ioehmfpOIAHaHa?w=172&h=180&c=7&r=0&o=7&cb=ucfimgc2&dpr=1.3&pid=1.7&rm=3,,REAL,0.99,,935.0001811981201,1092.0000076293945,935.0,1092.0,935.0,success,,On-click detect,On-click detect,Edge,Windows,unknown,1763007095.407,,,1763007095.564,1763007096.499,1763007096.499,,"Mozilla/5.0 (Windows NT 10.0; Win64; x64) AppleWebKit/537.36 (KHTML, like Gecko) Chrome/142.0.0.0 Safari/537.36 Edg/142.0.0.0"
2025-11-13T04:11:57.766Z,sess-azybw83thyf-mhwu1kt7,img-793175eee865bd1b,https://th.bing.com/th/id/OIP.tPSFZa1_h_xNOebThmMDdwHaJ4?w=139&h=185&c=7&r=0&o=7&cb=ucfimgc2&dpr=1.3&pid=1.7&rm=3,,REAL,0.99,,1303.0002117156982,1406.0001373291016,1303.0,1406.0,1303.0,success,,On-click detect,On-click detect,Edge,Windows,unknown,1763007116.36,,,1763007116.462,1763007117.765,1763007117.766,,"Mozilla/5.0 (Windows NT 10.0; Win64; x64) AppleWebKit/537.36 (KHTML, like Gecko) Chrome/142.0.0.0 Safari/537.36 Edg/142.0.0.0"
2025-11-13T04:12:05.394Z,sess-azybw83thyf-mhwu1kt7,img-84dfe832290e9aaa,dataurl,,REAL,0.99,,2349.9999046325684,2354.999780654907,2350.0,2355.0,2350.0,success,,On-click detect,On-click detect,Edge,Windows,unknown,1763007123.038,,,1763007123.042,1763007125.392,1763007125.393,,"Mozilla/5.0 (Windows NT 10.0; Win64; x64) AppleWebKit/537.36 (KHTML, like Gecko) Chrome/142.0.0.0 Safari/537.36 Edg/142.0.0.0"
2025-11-13T04:12:18.957Z,sess-azybw83thyf-mhwu1kt7,img-fe5eb67ec254f16f,https://th.bing.com/th/id/OIP.1JPa7wN0ztLQ1rf3TxXbNAHaLH?w=115&h=184&c=7&r=0&o=7&cb=ucfimgc2&dpr=1.3&pid=1.7&rm=3,,REAL,0.99,,1416.9998168945312,1458.0001831054688,1417.0,1458.0,1417.0,success,,On-click detect,On-click detect,Edge,Windows,unknown,1763007137.498,,,1763007137.538,1763007138.955,1763007138.956,,"Mozilla/5.0 (Windows NT 10.0; Win64; x64) AppleWebKit/537.36 (KHTML, like Gecko) Chrome/142.0.0.0 Safari/537.36 Edg/142.0.0.0"
2025-11-13T04:12:40.614Z,sess-azybw83thyf-mhwu1kt7,img-bdde539afaf8bc13,https://scontent.fcgy3-1.fna.fbcdn.net/v/t39.30808-6/581518948_1681302066570431_7977367478980337966_n.jpg?stp=dst-jpg_p526x296_tt6&_nc_cat=106&ccb=1-7&_nc_sid=833d8c&_nc_eui2=AeH6w152a0q44VN2byACofh1B4Cg23Al114HgKDbcCXXXlskQABDvFcriSUSp1cdFf3mbIp_0gMB2OxZA9rKfMZZ&_nc_ohc=OzAI2sKEGpQQ7kNvwFcKnea&_nc_oc=AdnxJGZg6lw4tSRRHNwMEX_vknfSW3L-M-OAEXhK1eS3_RDZ_aDLhqYij9OFrS8AcbE&_nc_zt=23&_nc_ht=scontent.fcgy3-1.fna&_nc_gid=sXgMb3OGVp72Zy5Fr-98xQ&oh=00_AfiwTzehdgIqCCxkbFt9rTSmFe1HF_2ZjvkUWPXWUGiD0A&oe=691B2E50,,REAL,0.9,,996.999979019165,1031.0001373291016,997.0,1031.0,997.0,success,,On-click detect,On-click detect,Edge,Windows,unknown,1763007159.583,,,1763007159.616,1763007160.613,1763007160.614,,"Mozilla/5.0 (Windows NT 10.0; Win64; x64) AppleWebKit/537.36 (KHTML, like Gecko) Chrome/142.0.0.0 Safari/537.36 Edg/142.0.0.0"
2025-11-13T04:12:41.570Z,sess-azybw83thyf-mhwu1kt7,img-bdde539afaf8bc13,https://scontent.fcgy3-1.fna.fbcdn.net/v/t39.30808-6/581518948_1681302066570431_7977367478980337966_n.jpg?stp=dst-jpg_p526x296_tt6&_nc_cat=106&ccb=1-7&_nc_sid=833d8c&_nc_eui2=AeH6w152a0q44VN2byACofh1B4Cg23Al114HgKDbcCXXXlskQABDvFcriSUSp1cdFf3mbIp_0gMB2OxZA9rKfMZZ&_nc_ohc=OzAI2sKEGpQQ7kNvwFcKnea&_nc_oc=AdnxJGZg6lw4tSRRHNwMEX_vknfSW3L-M-OAEXhK1eS3_RDZ_aDLhqYij9OFrS8AcbE&_nc_zt=23&_nc_ht=scontent.fcgy3-1.fna&_nc_gid=sXgMb3OGVp72Zy5Fr-98xQ&oh=00_AfiwTzehdgIqCCxkbFt9rTSmFe1HF_2ZjvkUWPXWUGiD0A&oe=691B2E50,,REAL,0.9,,1952.9998302459717,1983.9999675750732,1953.0,1984.0,1953.0,success,,On-click detect,On-click detect,Edge,Windows,unknown,1763007159.586,,,1763007159.617,1763007161.57,1763007161.57,,"Mozilla/5.0 (Windows NT 10.0; Win64; x64) AppleWebKit/537.36 (KHTML, like Gecko) Chrome/142.0.0.0 Safari/537.36 Edg/142.0.0.0"
2025-11-13T04:12:50.397Z,sess-azybw83thyf-mhwu1kt7,img-ec34a9fdabd5388b,https://scontent.fcgy3-2.fna.fbcdn.net/v/t39.30808-6/579327922_122149919348858968_2785461996766256861_n.jpg?stp=dst-jpg_s590x590_tt6&_nc_cat=103&ccb=1-7&_nc_sid=aa7b47&_nc_eui2=AeFwc0Zxlx1Jtza9fS-t-G7_h8pxNfkatDWHynE1-Rq0NXZpwPUKASRmZq4CuI2LSfHPaDy28HPexHlBONupvOHv&_nc_ohc=T3J6dQ0usuEQ7kNvwGi7ILT&_nc_oc=Adn6w3PkdcSzx3sJQxUFcWSF-oZqcYTvsVr2KynqNvrCaH2_WvsPsDVb1twvGXzwrF8&_nc_zt=23&_nc_ht=scontent.fcgy3-2.fna&_nc_gid=H2Z9hbTUHWw2eYHf0fOjXw&oh=00_AfiyAEXSR7WRalZOsT3q8EuvNQdJRbjw8LUL3mva2kJx-g&oe=691B26ED,,REAL,0.89,,952.0001411437988,1003.000020980835,952.0,1003.0,952.0,success,,On-click detect,On-click detect,Edge,Windows,unknown,1763007169.394,,,1763007169.445,1763007170.397,1763007170.397,,"Mozilla/5.0 (Windows NT 10.0; Win64; x64) AppleWebKit/537.36 (KHTML, like Gecko) Chrome/142.0.0.0 Safari/537.36 Edg/142.0.0.0"
2025-11-13T04:12:51.386Z,sess-azybw83thyf-mhwu1kt7,img-ec34a9fdabd5388b,https://scontent.fcgy3-2.fna.fbcdn.net/v/t39.30808-6/579327922_122149919348858968_2785461996766256861_n.jpg?stp=dst-jpg_s590x590_tt6&_nc_cat=103&ccb=1-7&_nc_sid=aa7b47&_nc_eui2=AeFwc0Zxlx1Jtza9fS-t-G7_h8pxNfkatDWHynE1-Rq0NXZpwPUKASRmZq4CuI2LSfHPaDy28HPexHlBONupvOHv&_nc_ohc=T3J6dQ0usuEQ7kNvwGi7ILT&_nc_oc=Adn6w3PkdcSzx3sJQxUFcWSF-oZqcYTvsVr2KynqNvrCaH2_WvsPsDVb1twvGXzwrF8&_nc_zt=23&_nc_ht=scontent.fcgy3-2.fna&_nc_gid=H2Z9hbTUHWw2eYHf0fOjXw&oh=00_AfiyAEXSR7WRalZOsT3q8EuvNQdJRbjw8LUL3mva2kJx-g&oe=691B26ED,,REAL,0.89,,1938.999891281128,1990.0000095367432,1939.0,1990.0,1939.0,success,,On-click detect,On-click detect,Edge,Windows,unknown,1763007169.396,,,1763007169.447,1763007171.386,1763007171.386,,"Mozilla/5.0 (Windows NT 10.0; Win64; x64) AppleWebKit/537.36 (KHTML, like Gecko) Chrome/142.0.0.0 Safari/537.36 Edg/142.0.0.0"
2025-11-13T04:13:03.423Z,sess-azybw83thyf-mhwu1kt7,img-ce741efb9bdcf6f6,https://scontent.fcgy3-2.fna.fbcdn.net/v/t39.30808-6/581071512_122103757059094611_2998080379811147142_n.jpg?stp=dst-jpg_s590x590_tt6&_nc_cat=102&ccb=1-7&_nc_sid=aa7b47&_nc_eui2=AeHdpYslhFxoqGlZMfPmzf7WQolQK4WfWDFCiVArhZ9YMQC6NCHx6K52el5fLV_QZprkY0kTBorNT3dvF1LrjS9F&_nc_ohc=gQGm80DUH_4Q7kNvwEiicMm&_nc_oc=AdkZSH56LSx8cvp1ihpupCISZbMoDmypRV4ZiWsCU6I0kxEbxwQ6jV8BfwDf8WGQO7c&_nc_zt=23&_nc_ht=scontent.fcgy3-2.fna&_nc_gid=K45cCkaS25UUsR5Z0dUS8Q&oh=00_AfjY_i-UJ3PtJmDGj2VEqj2ACzNfVFOt9UZeAEIw9EQsQQ&oe=691B1E63,,REAL,0.98,,1423.0000972747803,1449.0001201629639,1423.0,1449.0,1423.0,success,,On-click detect,On-click detect,Edge,Windows,unknown,1763007181.974,,,1763007182.0,1763007183.423,1763007183.423,,"Mozilla/5.0 (Windows NT 10.0; Win64; x64) AppleWebKit/537.36 (KHTML, like Gecko) Chrome/142.0.0.0 Safari/537.36 Edg/142.0.0.0"
2025-11-13T04:13:04.864Z,sess-azybw83thyf-mhwu1kt7,img-ce741efb9bdcf6f6,https://scontent.fcgy3-2.fna.fbcdn.net/v/t39.30808-6/581071512_122103757059094611_2998080379811147142_n.jpg?stp=dst-jpg_s590x590_tt6&_nc_cat=102&ccb=1-7&_nc_sid=aa7b47&_nc_eui2=AeHdpYslhFxoqGlZMfPmzf7WQolQK4WfWDFCiVArhZ9YMQC6NCHx6K52el5fLV_QZprkY0kTBorNT3dvF1LrjS9F&_nc_ohc=gQGm80DUH_4Q7kNvwEiicMm&_nc_oc=AdkZSH56LSx8cvp1ihpupCISZbMoDmypRV4ZiWsCU6I0kxEbxwQ6jV8BfwDf8WGQO7c&_nc_zt=23&_nc_ht=scontent.fcgy3-2.fna&_nc_gid=K45cCkaS25UUsR5Z0dUS8Q&oh=00_AfjY_i-UJ3PtJmDGj2VEqj2ACzNfVFOt9UZeAEIw9EQsQQ&oe=691B1E63,,REAL,0.98,,2860.999822616577,2888.000011444092,2861.0,2888.0,2861.0,success,,On-click detect,On-click detect,Edge,Windows,unknown,1763007181.975,,,1763007182.002,1763007184.863,1763007184.863,,"Mozilla/5.0 (Windows NT 10.0; Win64; x64) AppleWebKit/537.36 (KHTML, like Gecko) Chrome/142.0.0.0 Safari/537.36 Edg/142.0.0.0"
2025-11-13T04:13:21.647Z,sess-azybw83thyf-mhwu1kt7,img-376d18ab49499ef3,https://scontent.fcgy3-1.fna.fbcdn.net/v/t39.30808-6/581843336_1425028068987574_1557966118484444560_n.jpg?stp=dst-jpg_s590x590_tt6&_nc_cat=111&ccb=1-7&_nc_sid=833d8c&_nc_eui2=AeHSOjvmScA1zeeqK2UryXOuzLv5Wlklpx7Mu_laWSWnHuBzDku7sNAhokUQqjKM9lx5wD0J4TZmpazlmbnvKlGc&_nc_ohc=U-PFEn8_Z50Q7kNvwEbcyis&_nc_oc=AdkSyxF51UUSUhveBve7S2Z4D_C8X7Z7_tjfEboTujgYcGz_wxn3TEXmBL0YZ7TIusw&_nc_zt=23&_nc_ht=scontent.fcgy3-1.fna&_nc_gid=faRu_NLTYASlzKeJuuUPXQ&oh=00_AfixvXI_dNL9y-rFHB7D21Iwcd3b_MBUZe0mcwH2pVECkw&oe=691B3FA0,,REAL,0.88,,1469.9997901916504,1504.000186920166,1470.0,1504.0,1470.0,success,,On-click detect,On-click detect,Edge,Windows,unknown,1763007200.143,,,1763007200.176,1763007201.646,1763007201.647,,"Mozilla/5.0 (Windows NT 10.0; Win64; x64) AppleWebKit/537.36 (KHTML, like Gecko) Chrome/142.0.0.0 Safari/537.36 Edg/142.0.0.0"
2025-11-13T04:13:22.981Z,sess-azybw83thyf-mhwu1kt7,img-376d18ab49499ef3,https://scontent.fcgy3-1.fna.fbcdn.net/v/t39.30808-6/581843336_1425028068987574_1557966118484444560_n.jpg?stp=dst-jpg_s590x590_tt6&_nc_cat=111&ccb=1-7&_nc_sid=833d8c&_nc_eui2=AeHSOjvmScA1zeeqK2UryXOuzLv5Wlklpx7Mu_laWSWnHuBzDku7sNAhokUQqjKM9lx5wD0J4TZmpazlmbnvKlGc&_nc_ohc=U-PFEn8_Z50Q7kNvwEbcyis&_nc_oc=AdkSyxF51UUSUhveBve7S2Z4D_C8X7Z7_tjfEboTujgYcGz_wxn3TEXmBL0YZ7TIusw&_nc_zt=23&_nc_ht=scontent.fcgy3-1.fna&_nc_gid=faRu_NLTYASlzKeJuuUPXQ&oh=00_AfixvXI_dNL9y-rFHB7D21Iwcd3b_MBUZe0mcwH2pVECkw&oe=691B3FA0,,REAL,0.88,,2807.999849319458,2838.9999866485596,2808.0,2839.0,2808.0,success,,On-click detect,On-click detect,Edge,Windows,unknown,1763007200.142,,,1763007200.173,1763007202.981,1763007202.981,,"Mozilla/5.0 (Windows NT 10.0; Win64; x64) AppleWebKit/537.36 (KHTML, like Gecko) Chrome/142.0.0.0 Safari/537.36 Edg/142.0.0.0"
2025-11-13T04:14:03.226Z,sess-azybw83thyf-mhwu1kt7,img-5f85c87e60e1b615,https://th.bing.com/th/id/OIP.zY7kt9afha6FPKbKeu7augHaE7?w=268&h=180&c=7&r=0&o=7&cb=ucfimgc2&dpr=1.3&pid=1.7&rm=3,,FAKE,0.98,,1367.999792098999,1445.000171661377,1368.0,1445.0,1368.0,success,,On-click detect,On-click detect,Edge,Windows,unknown,1763007241.781,,,1763007241.857,1763007243.225,1763007243.226,,"Mozilla/5.0 (Windows NT 10.0; Win64; x64) AppleWebKit/537.36 (KHTML, like Gecko) Chrome/142.0.0.0 Safari/537.36 Edg/142.0.0.0"
2025-11-13T04:14:17.704Z,sess-azybw83thyf-mhwu1kt7,img-5f5566edc23935a6,https://th.bing.com/th/id/OIP.3qZG-jabTByrw554SqnrKAHaFj?w=245&h=184&c=7&r=0&o=7&cb=ucfimgc2&dpr=1.3&pid=1.7&rm=3,,REAL,0.99,,1069.000005722046,1102.9999256134033,1069.0,1103.0,1069.0,success,,On-click detect,On-click detect,Edge,Windows,unknown,1763007256.599,,,1763007256.632,1763007257.701,1763007257.702,,"Mozilla/5.0 (Windows NT 10.0; Win64; x64) AppleWebKit/537.36 (KHTML, like Gecko) Chrome/142.0.0.0 Safari/537.36 Edg/142.0.0.0"
2025-11-13T04:14:23.571Z,sess-azybw83thyf-mhwu1kt7,img-39d40202a990f5c0,https://th.bing.com/th/id/OIP.3_ZrO24e50b1ThtPWLOxNAHaFj?w=246&h=184&c=7&r=0&o=7&cb=ucfimgc2&dpr=1.3&pid=1.7&rm=3,,,,,1027.9998779296875,1083.0001831054688,1028.0,1083.0,1028.0,error,Invalid result,On-click detect,On-click detect,Edge,Windows,unknown,1763007262.488,,,1763007262.542,1763007263.57,1763007263.571,,"Mozilla/5.0 (Windows NT 10.0; Win64; x64) AppleWebKit/537.36 (KHTML, like Gecko) Chrome/142.0.0.0 Safari/537.36 Edg/142.0.0.0"
2025-11-13T15:12:08.515Z,sess-azybw83thyf-mhwu1kt7,img-e72362405d9e0901,dataurl,,,,,4179.999828338623,4214.9999141693115,4180.0,4215.0,4180.0,error,Invalid result,On-click detect,On-click detect,Edge,Windows,unknown,1763046724.299,,,1763046724.334,1763046728.514,1763046728.514,,"Mozilla/5.0 (Windows NT 10.0; Win64; x64) AppleWebKit/537.36 (KHTML, like Gecko) Chrome/142.0.0.0 Safari/537.36 Edg/142.0.0.0"
2025-11-13T15:12:10.450Z,sess-azybw83thyf-mhwu1kt7,img-86bbbd8b3af5f01d,dataurl,,,,,6082.99994468689,6104.000091552734,6083.0,6104.0,6083.0,error,Invalid result,On-click detect,On-click detect,Edge,Windows,unknown,1763046724.346,,,1763046724.367,1763046730.45,1763046730.45,,"Mozilla/5.0 (Windows NT 10.0; Win64; x64) AppleWebKit/537.36 (KHTML, like Gecko) Chrome/142.0.0.0 Safari/537.36 Edg/142.0.0.0"
2025-11-13T15:12:14.791Z,sess-azybw83thyf-mhwu1kt7,img-86bbbd8b3af5f01d,dataurl,,,,,2266.0000324249268,2444.000005722046,2266.0,2444.0,2266.0,error,Invalid result,On-click detect,On-click detect,Edge,Windows,unknown,1763046732.347,,,1763046732.524,1763046734.79,1763046734.791,,"Mozilla/5.0 (Windows NT 10.0; Win64; x64) AppleWebKit/537.36 (KHTML, like Gecko) Chrome/142.0.0.0 Safari/537.36 Edg/142.0.0.0"
2025-11-13T15:12:21.682Z,sess-azybw83thyf-mhwu1kt7,img-86bbbd8b3af5f01d,dataurl,,,,,6656.999826431274,6855.999946594238,6657.0,6856.0,6657.0,error,Invalid result,On-click detect,On-click detect,Edge,Windows,unknown,1763046734.826,,,1763046735.022,1763046741.679,1763046741.682,,"Mozilla/5.0 (Windows NT 10.0; Win64; x64) AppleWebKit/537.36 (KHTML, like Gecko) Chrome/142.0.0.0 Safari/537.36 Edg/142.0.0.0"
2025-11-13T16:26:50.046Z,sess-azybw83thyf-mhwu1kt7,img-30571adc645bf43a,dataurl,,,,,3465.0001525878906,3510.999917984009,3465.0,3511.0,3465.0,error,Invalid result,Upload interception,Upload interception,Edge,Windows,unknown,1763051206.532,,,1763051206.577,1763051210.042,1763051210.043,,"Mozilla/5.0 (Windows NT 10.0; Win64; x64) AppleWebKit/537.36 (KHTML, like Gecko) Chrome/142.0.0.0 Safari/537.36 Edg/142.0.0.0"
2025-11-13T16:27:03.710Z,sess-azybw83thyf-mhwu1kt7,img-e068fe6c798877e7,https://scontent.fcgy3-2.fna.fbcdn.net/v/t39.30808-6/581950636_2637471696602022_2982502697074928588_n.jpg?stp=dst-jpg_p526x296_tt6&_nc_cat=103&ccb=1-7&_nc_sid=aa7b47&_nc_eui2=AeFSUOXU0MEFaA0JWzZGmZxnZapbKYtJhy1lqlspi0mHLbLUvpH71UbAL-FqohNtItaiSPexDD7-NuY0t1YXPLDD&_nc_ohc=Yuw2owJ7xHgQ7kNvwGpev9Q&_nc_oc=AdkjisMEvf5LBDziIYgu8JIHRkUSKpYZY66QyyKpdmSUo1qZPZhpDS59yw18TlPPWMo&_nc_zt=23&_nc_ht=scontent.fcgy3-2.fna&_nc_gid=keRNyDFmeiSvS8zHWCqm9Q&oh=00_AfjzvlcwtxPlxN9CAnoDozIMqM8ch70gZsm5Hxbf7V1VDA&oe=691BF258,,,,,1470.0000286102295,1532.9999923706055,1470.0,1533.0,1470.0,error,Invalid result,On-click detect,On-click detect,Edge,Windows,unknown,1763051222.177,,,1763051222.24,1763051223.71,1763051223.71,,"Mozilla/5.0 (Windows NT 10.0; Win64; x64) AppleWebKit/537.36 (KHTML, like Gecko) Chrome/142.0.0.0 Safari/537.36 Edg/142.0.0.0"
2025-11-13T16:27:08.066Z,sess-azybw83thyf-mhwu1kt7,img-9f5962a27316fedd,https://scontent.fcgy3-2.fna.fbcdn.net/v/t39.30808-6/582538081_1631217941607029_8008288375429634283_n.jpg?stp=cp6_dst-jpg_s640x640_tt6&_nc_cat=101&ccb=1-7&_nc_sid=833d8c&_nc_eui2=AeGVwt9Rgh8Thn8PThlP8qpxNJ6a-yzSyEg0npr7LNLISIuP5tr0RUWw961RTOSr4TdZd3B-77bNJQrA49fbld8P&_nc_ohc=x0e2QmTwvzwQ7kNvwH0GNEZ&_nc_oc=AdntTFTa0OurWyZqoArhV_I59u4SE7Dkr9MAaxUd0ZPTVzbek_e9Td5FrjWXG4T0jz0&_nc_zt=23&_nc_ht=scontent.fcgy3-2.fna&_nc_gid=keRNyDFmeiSvS8zHWCqm9Q&oh=00_Afg8fnpm-u9bTuQSS4aS-jrtQdFjCgoF6wnXzm9_VwVMDw&oe=691BD20C,,,,,1336.9998931884766,1364.0000820159912,1337.0,1364.0,1337.0,error,Invalid result,On-click detect,On-click detect,Edge,Windows,unknown,1763051226.702,,,1763051226.729,1763051228.066,1763051228.066,,"Mozilla/5.0 (Windows NT 10.0; Win64; x64) AppleWebKit/537.36 (KHTML, like Gecko) Chrome/142.0.0.0 Safari/537.36 Edg/142.0.0.0"
2025-11-13T16:27:15.601Z,sess-azybw83thyf-mhwu1kt7,img-d0270bb527571494,https://scontent.fcgy3-2.fna.fbcdn.net/v/t39.30808-6/582538081_1631217941607029_8008288375429634283_n.jpg?stp=cp6_dst-jpg_tt6&_nc_cat=101&ccb=1-7&_nc_sid=833d8c&_nc_eui2=AeGVwt9Rgh8Thn8PThlP8qpxNJ6a-yzSyEg0npr7LNLISIuP5tr0RUWw961RTOSr4TdZd3B-77bNJQrA49fbld8P&_nc_ohc=x0e2QmTwvzwQ7kNvwH0GNEZ&_nc_oc=AdntTFTa0OurWyZqoArhV_I59u4SE7Dkr9MAaxUd0ZPTVzbek_e9Td5FrjWXG4T0jz0&_nc_zt=23&_nc_ht=scontent.fcgy3-2.fna&_nc_gid=bBFRutFUUgE8zxglMnzuAA&oh=00_Afg_C4oUA5KX3C3FP7Fv96Qau_tMxr2HNcArFpW1ERQrIQ&oe=691BD20C,,,,,1705.0001621246338,1740.9999370574951,1705.0,1741.0,1705.0,error,Unexpected server response,Right-click detection,Right-click detection,Edge,Windows,unknown,1763051233.858,,,1763051233.893,1763051235.598,1763051235.599,,"Mozilla/5.0 (Windows NT 10.0; Win64; x64) AppleWebKit/537.36 (KHTML, like Gecko) Chrome/142.0.0.0 Safari/537.36 Edg/142.0.0.0"
2025-11-13T16:54:09.239Z,sess-azybw83thyf-mhwu1kt7,img-294406724f3b44bf,https://scontent.fcgy3-2.fna.fbcdn.net/v/t39.30808-6/582538081_1631217941607029_8008288375429634283_n.jpg?stp=cp6_dst-jpg_tt6&_nc_cat=101&ccb=1-7&_nc_sid=833d8c&_nc_eui2=AeGVwt9Rgh8Thn8PThlP8qpxNJ6a-yzSyEg0npr7LNLISIuP5tr0RUWw961RTOSr4TdZd3B-77bNJQrA49fbld8P&_nc_ohc=x0e2QmTwvzwQ7kNvwH0GNEZ&_nc_oc=AdntTFTa0OurWyZqoArhV_I59u4SE7Dkr9MAaxUd0ZPTVzbek_e9Td5FrjWXG4T0jz0&_nc_zt=23&_nc_ht=scontent.fcgy3-2.fna&_nc_gid=5FN6PfZ0KsjhqbgwqiScRg&oh=00_AfgOMPlzW2LotIIhVhx3XjcqarFfpuLP-uhXjbt1KlPY0w&oe=691BD20C,,REAL,0.98,,2679.999828338623,2700.999975204468,2680.0,2701.0,2680.0,success,,On-click detect,On-click detect,Edge,Windows,unknown,1763052846.537,,,1763052846.558,1763052849.238,1763052849.238,,"Mozilla/5.0 (Windows NT 10.0; Win64; x64) AppleWebKit/537.36 (KHTML, like Gecko) Chrome/142.0.0.0 Safari/537.36 Edg/142.0.0.0"
2025-11-13T16:54:25.609Z,sess-azybw83thyf-mhwu1kt7,img-8994bf616132d120,dataurl,,REAL,0.98,,2646.0001468658447,2682.999849319458,2646.0,2683.0,2646.0,success,,Upload interception,Upload interception,Edge,Windows,unknown,1763052862.926,,,1763052862.962,1763052865.608,1763052865.609,,"Mozilla/5.0 (Windows NT 10.0; Win64; x64) AppleWebKit/537.36 (KHTML, like Gecko) Chrome/142.0.0.0 Safari/537.36 Edg/142.0.0.0"
2025-11-13T16:54:36.881Z,sess-azybw83thyf-mhwu1kt7,img-d4f6b3b2c93c8cf6,dataurl,,FAKE,0.99,,2061.000108718872,2078.9999961853027,2061.0,2079.0,2061.0,success,,Upload interception,Upload interception,Edge,Windows,unknown,1763052874.802,,,1763052874.82,1763052876.881,1763052876.881,,"Mozilla/5.0 (Windows NT 10.0; Win64; x64) AppleWebKit/537.36 (KHTML, like Gecko) Chrome/142.0.0.0 Safari/537.36 Edg/142.0.0.0"
2025-11-13T16:54:57.337Z,sess-azybw83thyf-mhwu1kt7,img-c687f4bcc4593b85,https://th.bing.com/th/id/OIP.M_uHkB6jQb94uyhueGHjuAHaE8?w=301&h=180&c=7&r=0&o=7&cb=ucfimgc2&dpr=1.3&pid=1.7&rm=3,,FAKE,0.83,,2107.999801635742,2215.9998416900635,2108.0,2216.0,2108.0,success,,On-click detect,On-click detect,Edge,Windows,unknown,1763052895.121,,,1763052895.229,1763052897.337,1763052897.337,,"Mozilla/5.0 (Windows NT 10.0; Win64; x64) AppleWebKit/537.36 (KHTML, like Gecko) Chrome/142.0.0.0 Safari/537.36 Edg/142.0.0.0"
2025-11-13T16:57:06.445Z,sess-azybw83thyf-mhwu1kt7,img-9498f9ea8f30aa0d,https://scontent.fcgy3-2.fna.fbcdn.net/v/t39.30808-6/582356527_1317773310149015_8003824889422818292_n.jpg?stp=dst-jpg_s590x590_tt6&_nc_cat=100&ccb=1-7&_nc_sid=833d8c&_nc_eui2=AeEtz03SHxFAXZdDJrW7h6h0n53xO6vJEKyfnfE7q8kQrLyGGDqz9IV92roIWKRlg9C3D0wmz8U4W1Yh8PjcUFl0&_nc_ohc=ZeEamAyiKa8Q7kNvwFTDRHg&_nc_oc=Adk2SME7EaVQry0i9xs_0hTnKz4EobXmXRyvbb7aA1C8GgoOMQVrG5H0ZsxvqvdMFEI&_nc_zt=23&_nc_ht=scontent.fcgy3-2.fna&_nc_gid=My0FBfG3L3D0MlHodZFHbA&oh=00_AfhdcW3YwRxFkZbT6uZ9CTw_LAEQqYZsBEOTuS5yibzqIQ&oe=691BF2AC,,REAL,0.99,,3751.000165939331,14375.0,3751.0,14375.0,3751.0,success,,On-click detect,On-click detect,Edge,Windows,unknown,1763053012.056,,,1763053022.679,1763053026.43,1763053026.431,,"Mozilla/5.0 (Windows NT 10.0; Win64; x64) AppleWebKit/537.36 (KHTML, like Gecko) Chrome/142.0.0.0 Safari/537.36 Edg/142.0.0.0"
2025-11-13T16:57:08.627Z,sess-azybw83thyf-mhwu1kt7,img-9498f9ea8f30aa0d,https://scontent.fcgy3-2.fna.fbcdn.net/v/t39.30808-6/582356527_1317773310149015_8003824889422818292_n.jpg?stp=dst-jpg_s590x590_tt6&_nc_cat=100&ccb=1-7&_nc_sid=833d8c&_nc_eui2=AeEtz03SHxFAXZdDJrW7h6h0n53xO6vJEKyfnfE7q8kQrLyGGDqz9IV92roIWKRlg9C3D0wmz8U4W1Yh8PjcUFl0&_nc_ohc=ZeEamAyiKa8Q7kNvwFTDRHg&_nc_oc=Adk2SME7EaVQry0i9xs_0hTnKz4EobXmXRyvbb7aA1C8GgoOMQVrG5H0ZsxvqvdMFEI&_nc_zt=23&_nc_ht=scontent.fcgy3-2.fna&_nc_gid=My0FBfG3L3D0MlHodZFHbA&oh=00_AfhdcW3YwRxFkZbT6uZ9CTw_LAEQqYZsBEOTuS5yibzqIQ&oe=691BF2AC,,REAL,0.99,,5883.000135421753,8131.00004196167,5883.0,8131.0,5883.0,success,,On-click detect,On-click detect,Edge,Windows,unknown,1763053020.495,,,1763053022.734,1763053028.617,1763053028.626,,"Mozilla/5.0 (Windows NT 10.0; Win64; x64) AppleWebKit/537.36 (KHTML, like Gecko) Chrome/142.0.0.0 Safari/537.36 Edg/142.0.0.0"
2025-11-13T16:57:21.632Z,sess-azybw83thyf-mhwu1kt7,img-d4f6b3b2c93c8cf6,dataurl,,FAKE,0.99,,3190.999984741211,4582.000017166138,3191.0,4582.0,3191.0,success,,Upload interception,Upload interception,Edge,Windows,unknown,1763053037.05,,,1763053038.431,1763053041.622,1763053041.632,,"Mozilla/5.0 (Windows NT 10.0; Win64; x64) AppleWebKit/537.36 (KHTML, like Gecko) Chrome/142.0.0.0 Safari/537.36 Edg/142.0.0.0"
2025-11-13T16:58:00.035Z,sess-azybw83thyf-mhwu1kt7,img-870e72377da855ba,https://cdn.pixabay.com/photo/2023/04/12/11/05/ai-generated-7919942_1280.jpg,,FAKE,0.99,,2480.9999465942383,2860.999822616577,2481.0,2861.0,2481.0,success,,On-click detect,On-click detect,Edge,Windows,unknown,1763053077.173,,,1763053077.551,1763053080.032,1763053080.034,,"Mozilla/5.0 (Windows NT 10.0; Win64; x64) AppleWebKit/537.36 (KHTML, like Gecko) Chrome/142.0.0.0 Safari/537.36 Edg/142.0.0.0"
2025-11-13T16:58:08.558Z,sess-azybw83thyf-mhwu1kt7,img-1731336bb519b7fc,dataurl,,FAKE,0.94,,2505.999803543091,2529.0000438690186,2506.0,2529.0,2506.0,success,,On-click detect,On-click detect,Edge,Windows,unknown,1763053086.029,,,1763053086.051,1763053088.557,1763053088.558,,"Mozilla/5.0 (Windows NT 10.0; Win64; x64) AppleWebKit/537.36 (KHTML, like Gecko) Chrome/142.0.0.0 Safari/537.36 Edg/142.0.0.0"
2025-11-13T16:58:22.466Z,sess-azybw83thyf-mhwu1kt7,img-ad9c09b3ffd17f62,dataurl,,FAKE,0.99,,6382.000207901001,6644.999980926514,6382.0,6645.0,6382.0,success,,On-click detect,On-click detect,Edge,Windows,unknown,1763053095.821,,,1763053096.074,1763053102.456,1763053102.466,,"Mozilla/5.0 (Windows NT 10.0; Win64; x64) AppleWebKit/537.36 (KHTML, like Gecko) Chrome/142.0.0.0 Safari/537.36 Edg/142.0.0.0"
2025-11-13T16:58:59.629Z,sess-azybw83thyf-mhwu1kt7,img-efba0a91cf825a6f,https://th.bing.com/th/id/OIP.3ygdjgquc99yYJuQpXDUrAHaFj?w=245&h=184&c=7&r=0&o=7&cb=ucfimgc2&dpr=1.3&pid=1.7&rm=3,,REAL,0.99,,5971.999883651733,8838.99998664856,5972.0,8839.0,5972.0,success,,On-click detect,On-click detect,Edge,Windows,unknown,1763053130.79,,,1763053133.085,1763053139.057,1763053139.629,,"Mozilla/5.0 (Windows NT 10.0; Win64; x64) AppleWebKit/537.36 (KHTML, like Gecko) Chrome/142.0.0.0 Safari/537.36 Edg/142.0.0.0"
2025-11-13T16:59:21.115Z,sess-azybw83thyf-mhwu1kt7,img-a43d30f8f965d304,https://th.bing.com/th/id/OIP.KTlcJP2rSDKgFYVlfVDHnwHaE8?w=241&h=181&c=7&r=0&o=7&cb=ucfimgc2&dpr=1.3&pid=1.7&rm=3,,REAL,0.99,,5554.00013923645,5891.000032424927,5554.0,5891.0,5554.0,success,,On-click detect,On-click detect,Edge,Windows,unknown,1763053155.224,,,1763053155.56,1763053161.114,1763053161.115,,"Mozilla/5.0 (Windows NT 10.0; Win64; x64) AppleWebKit/537.36 (KHTML, like Gecko) Chrome/142.0.0.0 Safari/537.36 Edg/142.0.0.0"
2025-11-13T16:59:51.418Z,sess-azybw83thyf-mhwu1kt7,img-5bcdbd5f9fc439db,https://th.bing.com/th/id/OIP.mTq7CFvLUBfwa3FlFjNz7gHaFk?w=203&h=180&c=7&r=0&o=7&cb=ucfimgc2&dpr=1.3&pid=1.7&rm=3,,REAL,0.99,,933.0000877380371,1007.9998970031738,933.0,1008.0,933.0,success,,On-click detect,On-click detect,Edge,Windows,unknown,1763053190.41,,,1763053190.485,1763053191.418,1763053191.418,,"Mozilla/5.0 (Windows NT 10.0; Win64; x64) AppleWebKit/537.36 (KHTML, like Gecko) Chrome/142.0.0.0 Safari/537.36 Edg/142.0.0.0"
